date,mean_obs,mean_observers
2000-04-01,2,1
2000-05-01,0,0
2000-06-01,0,0
2000-07-01,0,0
2000-08-01,0,0
2000-09-01,0,0
2000-10-01,0,0
2000-11-01,0,0
2000-12-01,0,0
2001-01-01,0,0
2001-02-01,0,0
2001-03-01,0,0
2001-04-01,0,0
2001-05-01,0,0
2001-06-01,0,0
2001-07-01,0,0
2001-08-01,0,0
2001-09-01,0,0
2001-10-01,0,0
2001-11-01,0,0
2001-12-01,0,0
2002-01-01,0,0
2002-02-01,0,0
2002-03-01,0,0
2002-04-01,0,0
2002-05-01,1,1
2002-06-01,3,1
2002-07-01,0,0
2002-08-01,5,1
2002-09-01,0,0
2002-10-01,0,0
2002-11-01,0,0
2002-12-01,0,0
2003-01-01,0,0
2003-02-01,0,0
2003-03-01,0,0
2003-04-01,0,0
2003-05-01,0,0
2003-06-01,0,0
2003-07-01,0,0
2003-08-01,0,0
2003-09-01,1,1
2003-10-01,0,0
2003-11-01,0,0
2003-12-01,0,0
2004-01-01,0,0
2004-02-01,0,0
2004-03-01,0,0
2004-04-01,2.5,1
2004-05-01,1,1
2004-06-01,1,1
2004-07-01,2.3333333333333335,1
2004-08-01,2.4,1
2004-09-01,3,1
2004-10-01,0,0
2004-11-01,0,0
2004-12-01,0,0
2005-01-01,0,0
2005-02-01,0,0
2005-03-01,0,0
2005-04-01,2,1
2005-05-01,1.125,1
2005-06-01,1.25,1.125
2005-07-01,1.7,1
2005-08-01,1.8,1
2005-09-01,1.3333333333333333,1
2005-10-01,0,0
2005-11-01,0,0
2005-12-01,0,0
2006-01-01,0,0
2006-02-01,0,0
2006-03-01,0,0
2006-04-01,3.1666666666666665,1
2006-05-01,1.5,1.25
2006-06-01,1.25,1.125
2006-07-01,1.7777777777777777,1.1111111111111112
2006-08-01,2.642857142857143,1
2006-09-01,2.142857142857143,1.7142857142857142
2006-10-01,2,1
2006-11-01,0,0
2006-12-01,0,0
2007-01-01,0,0
2007-02-01,0,0
2007-03-01,0,0
2007-04-01,1,1
2007-05-01,2,1.3333333333333333
2007-06-01,1.25,1
2007-07-01,3.3333333333333335,1
2007-08-01,2.875,1.25
2007-09-01,1,1
2007-10-01,0,0
2007-11-01,0,0
2007-12-01,0,0
2008-01-01,0,0
2008-02-01,0,0
2008-03-01,0,0
2008-04-01,1,1
2008-05-01,2.6666666666666665,1.3333333333333333
2008-06-01,1,1
2008-07-01,1.25,1
2008-08-01,2.2,1.2
2008-09-01,2,1
2008-10-01,0,0
2008-11-01,0,0
2008-12-01,0,0
2009-01-01,0,0
2009-02-01,0,0
2009-03-01,0,0
2009-04-01,1.1428571428571428,1
2009-05-01,1.85,1.15
2009-06-01,2.9,1.2
2009-07-01,3.0625,1.1875
2009-08-01,3.6666666666666665,1.3333333333333333
2009-09-01,3.0588235294117645,1.4705882352941178
2009-10-01,2.3333333333333335,1
2009-11-01,0,0
2009-12-01,0,0
2010-01-01,0,0
2010-02-01,0,0
2010-03-01,0,0
2010-04-01,1.6666666666666667,1.3333333333333333
2010-05-01,2.263157894736842,1.4736842105263157
2010-06-01,1.5,1.2
2010-07-01,1.5555555555555556,1.1111111111111112
2010-08-01,2.2083333333333335,1.125
2010-09-01,1.4782608695652173,1.2173913043478262
2010-10-01,2,1.3333333333333333
2010-11-01,0,0
2010-12-01,0,0
2011-01-01,0,0
2011-02-01,0,0
2011-03-01,0,0
2011-04-01,3.25,1.9375
2011-05-01,1.8888888888888888,1.3333333333333333
2011-06-01,2.3636363636363638,1.4545454545454546
2011-07-01,3.3043478260869565,1.5217391304347827
2011-08-01,5.392857142857143,2.3214285714285716
2011-09-01,4.076923076923077,1.8846153846153846
2011-10-01,1,1
2011-11-01,0,0
2011-12-01,0,0
2012-01-01,0,0
2012-02-01,0,0
2012-03-01,0,0
2012-04-01,1.2666666666666666,1.1333333333333333
2012-05-01,2.9565217391304346,1.608695652173913
2012-06-01,2.75,1.75
2012-07-01,5.037037037037037,2.074074074074074
2012-08-01,4.956521739130435,1.7826086956521738
2012-09-01,4,2
2012-10-01,1,1
2012-11-01,0,0
2012-12-01,0,0
2013-01-01,0,0
2013-02-01,0,0
2013-03-01,0,0
2013-04-01,3,1.7272727272727273
2013-05-01,2.4444444444444446,1.7407407407407407
2013-06-01,3.4642857142857144,2.0714285714285716
2013-07-01,4.290322580645161,1.4838709677419355
2013-08-01,6.9655172413793105,2.689655172413793
2013-09-01,4.608695652173913,2.217391304347826
2013-10-01,1.3333333333333333,1.3333333333333333
2013-11-01,0,0
2013-12-01,0,0
2014-01-01,0,0
2014-02-01,0,0
2014-03-01,0,0
2014-04-01,3.1739130434782608,2.5217391304347827
2014-05-01,3.466666666666667,2.3666666666666667
2014-06-01,2.8823529411764706,2.0588235294117645
2014-07-01,3.962962962962963,2.259259259259259
2014-08-01,8.5,3.533333333333333
2014-09-01,4.166666666666667,2.5
2014-10-01,1.5,1
2014-11-01,0,0
2014-12-01,0,0
2015-01-01,0,0
2015-02-01,0,0
2015-03-01,0,0
2015-04-01,4.2631578947368425,3.1052631578947367
2015-05-01,3.310344827586207,2.1379310344827585
2015-06-01,2.814814814814815,1.7407407407407407
2015-07-01,5.464285714285714,2.607142857142857
2015-08-01,9.290322580645162,4.290322580645161
2015-09-01,6.333333333333333,3.5
2015-10-01,2.4444444444444446,1.5555555555555556
2015-11-01,0,0
2015-12-01,0,0
2016-01-01,0,0
2016-02-01,0,0
2016-03-01,0,0
2016-04-01,3.75,3
2016-05-01,4.612903225806452,2.4193548387096775
2016-06-01,5.2,2.6666666666666665
2016-07-01,5.580645161290323,2.806451612903226
2016-08-01,6.354838709677419,2.967741935483871
2016-09-01,2.380952380952381,1.9523809523809523
2016-10-01,1,1
2016-11-01,0,0
2016-12-01,0,0
2017-01-01,0,0
2017-02-01,0,0
2017-03-01,0,0
2017-04-01,2.923076923076923,2.230769230769231
2017-05-01,5.258064516129032,2.903225806451613
2017-06-01,2.772727272727273,2
2017-07-01,6.230769230769231,2.576923076923077
2017-08-01,9.333333333333334,3.75
2017-09-01,6.9,3.05
2017-10-01,1,1
2017-11-01,0,0
2017-12-01,0,0
2018-01-01,0,0
2018-02-01,0,0
2018-03-01,0,0
2018-04-01,4.857142857142857,3.5238095238095237
2018-05-01,3.5238095238095237,2.5714285714285716
2018-06-01,5.363636363636363,2.9545454545454546
2018-07-01,4.866666666666666,2.533333333333333
2018-08-01,4.4,2.1333333333333333
2018-09-01,3.4827586206896552,2
2018-10-01,2.5,1.1666666666666667
2018-11-01,0,0
2018-12-01,0,0
2019-01-01,0,0
2019-02-01,0,0
2019-03-01,0,0
2019-04-01,3.8421052631578947,2.5789473684210527
2019-05-01,4.384615384615385,3
2019-06-01,3.074074074074074,2.185185185185185
2019-07-01,5.419354838709677,3.3870967741935485
2019-08-01,11.870967741935484,5.129032258064516
2019-09-01,8.066666666666666,4.1
2019-10-01,1.2,1.2
2019-11-01,0,0
2019-12-01,0,0
2020-01-01,0,0
2020-02-01,0,0
2020-03-01,1.5,1.5
2020-04-01,6.862068965517241,5.448275862068965
2020-05-01,16.612903225806452,10.903225806451612
2020-06-01,7.068965517241379,4.896551724137931
2020-07-01,10.03225806451613,6.064516129032258
2020-08-01,18.322580645161292,7.870967741935484
2020-09-01,18.033333333333335,7.766666666666667
2020-10-01,3,2.7142857142857144
2020-11-01,0,0
2020-12-01,0,0
2021-01-01,0,0
2021-02-01,0,0
2021-03-01,1.6666666666666667,1.6666666666666667
2021-04-01,7.035714285714286,5.214285714285714
2021-05-01,12.548387096774194,7.709677419354839
2021-06-01,8.413793103448276,5.275862068965517
2021-07-01,11.838709677419354,6.161290322580645
2021-08-01,16.129032258064516,7.064516129032258
2021-09-01,12.733333333333333,6.9
2021-10-01,3.142857142857143,3
2021-11-01,0,0
2021-12-01,0,0
2022-01-01,0,0
2022-02-01,1,1
2022-03-01,0,0
2022-04-01,5.3076923076923075,4.346153846153846
2022-05-01,9.225806451612904,6.258064516129032
2022-06-01,7.8,5.333333333333333
2022-07-01,11.548387096774194,6.032258064516129
2022-08-01,12.709677419354838,6.064516129032258
2022-09-01,9.633333333333333,5.6
2022-10-01,2.727272727272727,2
2022-11-01,0,0
2022-12-01,0,0
2023-01-01,0,0
2023-02-01,0,0
2023-03-01,1,1
2023-04-01,7.48,5.08
2023-05-01,11.774193548387096,8.193548387096774
2023-06-01,5.966666666666667,4.9
2023-07-01,8.806451612903226,4.870967741935484
2023-08-01,14.129032258064516,7
2023-09-01,12.1,6.4
2023-10-01,3.142857142857143,3.142857142857143
2023-11-01,0,0
2023-12-01,0,0
2024-01-01,0,0
2024-02-01,0,0
2024-03-01,0,0
2024-04-01,4.958333333333333,4.208333333333333
2024-05-01,7,5.8
2024-06-01,4.068965517241379,3.0344827586206895
2024-07-01,9.033333333333333,5.6
2024-08-01,10.548387096774194,5.645161290322581
2024-09-01,9.071428571428571,5.571428571428571
2024-10-01,2,1.6
2024-11-01,0,0
2024-12-01,0,0
2025-01-01,0,0
2025-02-01,0,0
2025-03-01,2,1
2025-04-01,6.130434782608695,4.3478260869565215
2025-05-01,12.741935483870968,6.612903225806452
2025-06-01,5.535714285714286,4.392857142857143
2025-07-01,9.03225806451613,4.225806451612903
2025-08-01,14.774193548387096,6.67741935483871
2025-09-01,10.89655172413793,5.724137931034483
2025-10-01,1.375,1.125
